Angular in Deg,Hole Radius in mm,Blend Radius mm,Planner Surface mm2,Bounding box mm3
2,0,1,10,500
4,0.5,2,20,580
6,0.9,5,30,620
8,0.4,9,40,650
10,1,11,45,690
12,5,13,60,700
14,6,14,70,705
16,12,16,80,710
18,18,92,100,800
